{"timestamps": [1474699467.957133, 1474699468.509193, 1474699468.833129, 1474699469.034246, 1474699469.300962, 1474699469.786746, 1474699470.035572, 1474699470.302887, 1474699470.712887, 1474699471.020984, 1474699471.455021, 1474699471.672291, 1474699472.056448, 1474699472.290826, 1474699472.825029, 1474699473.042842, 1474699473.393109, 1474699473.678927, 1474699473.944191, 1474699474.495001], "initial_reset_timestamp": 1474699464.593902, "episode_lengths": [13, 14, 18, 12, 16, 29, 15, 16, 11, 17, 26, 13, 23, 14, 32, 13, 21, 17, 16, 33], "episode_rewards": [13.0, 14.0, 18.0, 12.0, 16.0, 29.0, 15.0, 16.0, 11.0, 17.0, 26.0, 13.0, 23.0, 14.0, 32.0, 13.0, 21.0, 17.0, 16.0, 33.0]}